{"accuracy": [0.1823873072862625, 0.4444073438644409, 0.5931552648544312, 0.6575125455856323, 0.7126043438911438, 0.7673622965812683, 0.7976627945899963, 0.8351418972015381, 0.857429027557373, 0.8833889961242676, 0.9033389091491699, 0.9138564467430115, 0.9352253675460815, 0.9405676126480103, 0.9541736245155334, 0.9635225534439087, 0.9614357352256775, 0.9710350632667542, 0.9731218814849854, 0.9742069840431213, 0.9768781065940857, 0.9785475730895996, 0.9757930040359497, 0.9792153835296631, 0.9849749803543091, 0.9873121976852417, 0.9832220077514648, 0.9791318774223328, 0.9860600829124451, 0.9894824624061584], "loss": [2.1322021484375, 1.512300729751587, 1.1502220630645752, 0.969959020614624, 0.8249416351318359, 0.6821291446685791, 0.5835334658622742, 0.49014532566070557, 0.4089886546134949, 0.342271625995636, 0.2809157967567444, 0.24026714265346527, 0.19197534024715424, 0.16566826403141022, 0.13563179969787598, 0.1052190363407135, 0.1117720752954483, 0.08396449685096741, 0.07693316042423248, 0.0754203051328659, 0.06842006742954254, 0.05949965864419937, 0.07507187873125076, 0.06141109764575958, 0.04622279480099678, 0.04208724945783615, 0.04907270893454552, 0.06170729175209999, 0.04509522393345833, 0.03077210858464241], "val_accuracy": [0.31218698620796204, 0.5649415850639343, 0.6030049920082092, 0.6961602568626404, 0.757262110710144, 0.7829716205596924, 0.7829716205596924, 0.8093489408493042, 0.8323873281478882, 0.8484140038490295, 0.8858096599578857, 0.8858096599578857, 0.904841423034668, 0.9045075178146362, 0.899833083152771, 0.8981636166572571, 0.913188636302948, 0.9258764386177063, 0.918196976184845, 0.9285475611686707, 0.9208680987358093, 0.9061769843101501, 0.8971619606018066, 0.9342237114906311, 0.9302170276641846, 0.9121869802474976, 0.9141902923583984, 0.9332220554351807, 0.9258764386177063, 0.9105175137519836], "val_loss": [1.8333345651626587, 1.1955381631851196, 1.076032042503357, 0.8554293513298035, 0.7071864008903503, 0.6235326528549194, 0.6425477862358093, 0.5233969688415527, 0.47682955861091614, 0.44874897599220276, 0.32481351494789124, 0.32753047347068787, 0.2851938009262085, 0.28184112906455994, 0.3300669491291046, 0.3493689298629761, 0.2810240387916565, 0.23308557271957397, 0.30161920189857483, 0.23525655269622803, 0.2845829427242279, 0.31509140133857727, 0.34255436062812805, 0.21924814581871033, 0.227700337767601, 0.2980882525444031, 0.2644568681716919, 0.24462352693080902, 0.27591148018836975, 0.37060028314590454]}